Filter,Pass,Fail,Pass_Percentage
Lipinski,769,200,79.36016511867905
Veber,818,151,84.41692466460269
Ghose,489,480,50.464396284829725
Egan,796,173,82.14654282765737
